id,name,sequence
"budget_control_0","Expenditure Item",0
"budget_control_1","Authorized",1
"budget_control_2","Assigned Total Annual",2
"budget_control_3","Assigned 1st Trimester",3
"budget_control_4","Assigned 2nd Trimester",4
"budget_control_5","Assigned 3rd Trimester",5
"budget_control_6","Assigned 4th Trimester",6
"budget_control_7","Annual Modified",7
"budget_control_8","Per Exercise",8
"budget_control_9","Committed",9
"budget_control_10","Accrued",10
"budget_control_11","Exercised",11
"budget_control_12","Paid",12
"budget_control_13","Available",13

